{
    "infolist": [
        {
            "price": "108",
            "barginprice":"67.00",
            "title":"英爵伦 男士圆领短袖T恤 夏季时尚假两件拼接上衣 学生半截袖体恤 ",
            "des":"时尚风格 青春流行 别致印花",
            "sales":"28",
            "evaluation":"18",
            "stock": "118",
            "imgs":[
                "1101.jpg",
                "1102.jpg",
                "1103.jpg",
                "1104.jpg",
                "1105.jpg"
            ]
        },
        {
            "price": "138",
            "barginprice":"75.00",
            "title":"英爵伦 男士新款夏装 简约纯色圆领T恤 青年口袋装饰修身短袖上衣  ",
            "des":"精致韩风 口袋装饰 时尚帅气",
            "sales":"148",
            "evaluation":"58",
            "stock": "88",
            "imgs":[
                "2201.jpg",
                "2202.jpg",
                "2203.jpg",
                "2204.jpg",
                "2205.jpg"
            ]
        },
        {
            "price":"128.00",
            "barginprice":"98",
            "title":"英爵伦日韩男士休闲短裤 夏季舒适条纹中裤 原宿风纯色直筒五分裤 ",
            "des":"修身舒适 青春流行 基础款式",
            "sales":"24",
            "evaluation":"0",
            "stock": "318",
            "imgs":[
                "3301.jpg",
                "3302.jpg",
                "3303.jpg",
                "3304.jpg",
                "3305.jpg"
            ]
        },
        {
            "price":"118",
            "barginprice":"38.00",
            "title":"英爵伦 韩版修身V领短袖T恤 青年潮流数字印花半截袖男士夏季体恤 ",
            "des":"简约印花 潮流时尚 青春活力",
            "sales":"28",
            "evaluation":"18",
            "stock": "142",
            "imgs":[
                "4401.jpg",
                "4402.jpg",
                "4403.jpg",
                "4404.jpg",
                "4405.jpg"
            ]
        }
    ]
}