{
  "fruit":[
    {
      "name":"刺葡萄",
      "Eng_name":"Spine grape",
      "img":"./images/fruit/1ciputao.jpg"
    },
    {
      "name":"杨梅",
      "Eng_name":"Waxberry",
      "img":"./images/fruit/2yangmei.jpg"
    },
    {
      "name":"金樱子",
      "Eng_name":"Cherokee rose",
      "img":"./images/fruit/3jinyingzi.jpg"
    },
    {
      "name":"木通",
      "Eng_name":"akebiaquinata",
      "img":"./images/fruit/mutong-1.jpg"
    },
    {
      "name":"毛冬瓜",
      "Eng_name":"Hairy gourd",
      "img":"./images/fruit/5maodonggua.jpg"
    },
    {
      "name":"复叶葡萄",
      "Eng_name":"Vitis piasekii",
      "img":"./images/fruit/6fuyeputao.jpg"
    },
    {
      "name":"树葡萄",
      "Eng_name":"长在树干上的葡萄",
      "img":"./images/fruit/shuputao-2-2.jpg"
    },
    {
      "name":"五指毛桃",
      "Eng_name":"吃货不能错过的五指毛桃汤",
      "img":"./images/fruit/8wuzhimaotao.jpg"
    },
    {
      "name":"茶耳",
      "Eng_name":"油茶树上特别好吃的东西",
      "img":"./images/fruit/9chare.jpg"
    },
    {
      "name":"刺梨",
      "Eng_name":"我们的维生素C王",
      "img":"./images/fruit/10cili.jpg"
    },
    {
      "name":"灯笼花",
      "Eng_name":"富含中国喜庆之花",
      "img":"./images/fruit/11denglonghua.jpg"
    },
    {
      "name":"虎杖",
      "Eng_name":"神奇的植物",
      "img":"./images/fruit/12huzhang.jpg"
    },
    {
      "name":"百香果",
      "Eng_name":"果汁之王",
      "img":"./images/fruit/1.jpg"
    },
    {
      "name":"菝葜",
      "Eng_name":"（ba qia），但不是拔掐哦！",
      "img":"./images/fruit/baqia.jpg"
    },
    {
      "name":"颠茄",
      "Eng_name":"要命的小西瓜",
      "img":"./images/fruit/dianqie-1.jpg"
    },
    {
      "name":"地奶籽",
      "Eng_name":"一种草本野果",
      "img":"./images/fruit/dinaizi.jpg"
    },
    {
      "name":"吊茄子",
      "Eng_name":"倒挂的铃铛",
      "img":"./images/fruit/diaoqiezi.jpg"
    },
    {
      "name":"红果冬青",
      "Eng_name":"学名：llex .purpueaHassk",
      "img":"./images/fruit/hongguodongqing.jpg"
    },
    {
      "name":"黄花菜",
      "Eng_name":"人称忘忧草",
      "img":"./images/fruit/huanghuacai-1.jpg"
    },
    {
      "name":"黄姜",
      "Eng_name":"黄姜豆腐的一笔",
      "img":"./images/fruit/huangjiang.jpg"
    },
    {
      "name":"黄金槐",
      "Eng_name":"Sophora japonica cv. Golden Stem",
      "img":"./images/fruit/huangjingui.jpg"
    },
    {
      "name":"黄栀子",
      "Eng_name":"大自然的好颜色",
      "img":"./images/fruit/huangzhizi.jpg"
    },
    {
      "name":"火柴子",
      "Eng_name":"学名荚蒾，忍冬科",
      "img":"./images/fruit/huochaizi-1.jpg"
    },
    {
      "name":"火棘",
      "Eng_name":"人称“袖珍苹果”",
      "img":"./images/fruit/huoji-1.jpg"
    },
    {
      "name":"茭白",
      "Eng_name":"六谷之一",
      "img":"./images/fruit/jiaobai.jpg"
    },
    {
      "name":"鸡冠花",
      "Eng_name":"花中之禽",
      "img":"./images/fruit/jiguaihua.jpg"
    },
    {
      "name":"金银花",
      "Eng_name":"自古被誉为清热解毒的良药",
      "img":"./images/fruit/jinyinhua.jpg"
    },
    {
      "name":"凌霄花",
      "Eng_name":"慈母之爱",
      "img":"./images/fruit/lingxiaohua.jpg"
    },
    {
      "name":"六月雪",
      "Eng_name":"发现浪漫",
      "img":"./images/fruit/liuyuexue.jpg"
    },
    {
      "name":"两面针",
      "Eng_name":"路边的野花不要采",
      "img":"./images/fruit/liangmianzhen.jpg"
    },
    {
      "name":"美人蕉",
      "Eng_name":"全株绿色无毛，被蜡质白粉",
      "img":"./images/fruit/meirenjiao.jpg"
    },
    {
      "name":"木芙蓉",
      "Eng_name":"花中君子",
      "img":"./images/fruit/mumianhua.jpg"
    },
    {
      "name":"木槿",
      "Eng_name":"一种可食用的美",
      "img":"./images/fruit/mujin.jpg"
    },
    {
      "name":"牛奶子",
      "Eng_name":"果实具有很高的营养价值",
      "img":"./images/fruit/niunaizi.jpg"
    },
    {
      "name":"女贞",
      "Eng_name":"负霜葱翠，振柯凌风",
      "img":"./images/fruit/nvzhen.jpg"
    },
    {
      "name":"雀梅",
      "Eng_name":"盆景七贤之一",
      "img":"./images/fruit/qemei.jpg"
    }
  ,
    {
      "name":"人心果",
      "Eng_name":"最重口味的水果",
      "img":"./images/fruit/renxinguo.jpg"
    },
    {
      "name":"三月泡",
      "Eng_name":"野中红宝石",
      "img":"./images/fruit/sanyuepao.jpg"
    },
    {
      "name":"桫椤",
      "Eng_name":"植物界的活化石",
      "img":"./images/fruit/shaluo.jpg"
    },
    {
      "name":"商陆",
      "Eng_name":"三十除五兮，打一野果名",
      "img":"./images/fruit/shanglu.jpg"
    },
    {
      "name":"蛇泡",
      "Eng_name":"缩小版“草莓”",
      "img":"./images/fruit/shepao.jpg"
    },
    {
      "name":"蛇葡萄",
      "Eng_name":"色彩斑斓的蛇葡萄",
      "img":"./images/fruit/sheputao.jpg"
    },
    {
      "name":"十大功劳",
      "Eng_name":"从播种到收获需要5年",
      "img":"./images/fruit/shidagonglao.jpg"
    },
    {
      "name":"石韦",
      "Eng_name":"听一听中医故事",
      "img":"./images/fruit/shiwei.jpg"
    },
    {
      "name":"桃金娘",
      "Eng_name":"苏东坡笔下的“倒捻子”",
      "img":"./images/fruit/taojinnian.jpg"
    },
    {
      "name":"土党参",
      "Eng_name":"多功能中草药",
      "img":"./images/fruit/tudangshen.jpg"
    },
    {
      "name":"乌蔹莓",
      "Eng_name":"蔹蔓于野",
      "img":"./images/fruit/wujianmei.jpg"
    },
    {
      "name":"五指毛桃",
      "Eng_name":"吃货不能错过的五指毛桃汤",
      "img":"./images/fruit/wuzhimaotao.jpg"
    },
    {
      "name":"香藤",
      "Eng_name":"天然香薰",
      "img":"./images/fruit/xiangteng.jpg"
    },
    {
      "name":"香橼",
      "Eng_name":"其实人家是野柠檬啦",
      "img":"./images/fruit/xiangyuan.jpg"
    },
    {
      "name":"野生猕猴桃",
      "Eng_name":"被誉为“水果之王”",
      "img":"./images/fruit/yeshengnihoutao.jpg"
    },
    {
      "name":"野鸦椿",
      "Eng_name":"是一种兼具观赏与药用价值的植物。",
      "img":"./images/fruit/yeyacun.jpg"
    },
    {
      "name":"薏苡",
      "Eng_name":"山林里的菩提子",
      "img":"./images/fruit/yiyi.jpg"
    },
    {
      "name":"玉簪",
      "Eng_name":"瑶池仙子宴流霞",
      "img":"./images/fruit/yuxi.jpg"
    }

  ],
  "news_ones":[
    {
      "img":"./images/news/news20170909.jpg",
      "title":"长脸了！我的大赣州",
      "time":"2017-9-09",
      "text":"9月8日下午，中国外交部和江西省人民政府在外交部南楼共同举行中国江西全球推介活动。"
    },
    {
      "img":"./images/news/news20170901.jpg",
      "title":"君子谷野果世界董事长在开学典礼上的讲话",
      "time":"2017-9-01",
      "text":"上午好！很荣幸受邀参加今天的开学典礼。站在这里，面向大家，同学们的彭渤朝气和青春活力就扑面而来！"
    },
    {
      "img":"./images/news/news20170524.jpg",
      "title":"董事长庄席福当选中国诗酒文化协会副会长",
      "time":"2017-5-24",
      "text":"5月24日，中国诗酒文化协会第五届会员代表大会在北京全国政协礼堂举行，公司董事长庄席福当选中国诗酒文化协会副会长。"
    },
    {
      "img":"./images/news/news20170507.jpg",
      "title":"庄席福当选广东省江西赣州商会会长",
      "time":"2017-5-07",
      "text":"5月7日，广东省江西赣州商会第二届会员代表大会第一次会议在广州市白云国际会议中心隆重召开.来自广东全省各地的广东省江西赣州商会会员代表，以及广东省民政厅和江西省赣州市的相关领导出席了大会。大会以无记名投票方式，选举庄席福为广东省江西赣州商会会长。"
    },
    {
      "img":"./images/news/news20170330.jpg",
      "title":"君子谷：为中国特色葡萄酒再续荣耀传奇",
      "time":"2017-3-30",
      "text":"在第八届亚洲葡萄酒质量大赛上，君子谷葡萄酒再次荣获殊荣：获得一项金奖和两项银奖。"
    }
  ],
  "news_twos":[
    {
      "img":"./images/news/news20160913.jpg",
      "title":"新媒体、新融合、新世界！",
      "time":"2016-9-13",
      "text":"9月13日，来自50多家新媒体单位的80多名记者们走进了君子谷野果世界。他们是前来赣州参加“江西（赣州）新媒体峰会”的各地新媒体精英。"
    },{
      "img":"./images/news/news20160901.jpg",
      "title":"“君子谷奖学金”颁奖仪式在崇义中学举行",
      "time":"2016-9-01",
      "text":"九月一日，“崇义中学新学年开学典礼暨君子谷奖学金颁奖仪式”隆重举行，3700多名崇义中学师生出席大会。"
    },{
      "img":"./images/news/news20160606.jpg",
      "title":"赣州市工商业联合会（总商会）召开第四次会员代表大会",
      "time":"2016-6-06",
      "text":"6月6日-6月7日，赣州市工商业联合会（总商会）召开第四次会员代表大会，并选举产生赣州市工商联（总商会）第四屇执行委员会。"
    },{
      "img":"./images/news/news20160507.jpg",
      "title":"中国（江西）高校传媒联盟主席团换届大会在江西君子谷举行",
      "time":"2016-5-07",
      "text":"5月7日-9日，中国（江西）高校传媒联盟年会暨第七届主席团换届大会在江西君子谷举行。来自江西省30 所高校校媒代表130多人出席会议，并选举出第八届主席团成员。"
    },{
      "img":"./images/news/news20160422.jpg",
      "title":"君子谷：中国特色葡萄酒的骄傲！",
      "time":"2016-4-22",
      "text":"在第七届“亚洲葡萄酒质量大赛”上，君子谷野果世界再次为中国特色葡萄摘得荣耀：君子谷葡萄酒荣获两项金奖和两项银奖"
    },{
      "img":"./images/news/news20160407.jpg",
      "title":"“绿色中国年度人物”候选人产生",
      "time":"2016-4-07",
      "text":"由国家七个部委联合打造，环境领域政府最高奖——“绿色中国年度人物”，在经过“提名人推荐、提名人公示、初评”等评选程序的严格评审，“绿色中国年度人物”（2014-2015）的24位候选人产生，君子谷野果世界董事长庄席福成为候选人。"
    }
  ],
  "news_threes":[
    {
      "img":"./images/news/news20151231.jpg",
      "title":"中央文明办揭晓12月份“中国好人榜”！",
      "time":"2015-12-31",
      "text":"2015年12月30日下午三时，中央文明办在海南海口举行全国道德模范与身边好人现场交流活动，揭晓12月份“中国好人榜”名单。商会常务副会长，君子谷野果世界董事长庄席福光荣入榜“中国好人榜”。本活动由中央文明办主办，全国共有110人光荣入榜12月份“中国好人榜”。"
    },{
      "img":"./images/news/news20151217.jpg",
      "title":"江西省常委、政法委书记周萌同志到君子谷野果世界调研",
      "time":"2015-12-17",
      "text":"12月17日，江西省委常委、政法委书记周萌同志到君子谷野果世界调研。周书记一行考察了君子谷在资源保护和生态可持续发展方面进行的工作，"
    },{
      "img":"./images/news/news20151213.jpg",
      "title":"这么多外国记者在君子谷野果世界看到了什么？",
      "time":"2015-12-13",
      "text":"12月13日，40多名媒体记者到君子谷野果世界采访采风。记者们来自拉丁美洲通讯社、西班牙国家通讯社、摩洛哥通讯社、印度时报、苏丹日出电视台、越南人民报以及人民日报海外版、中央电视台、环球时报、亚洲新闻周刊、紫荆杂志、人民网等媒体。"
    },{
      "img":"./images/news/news20151000.jpg",
      "title":"庄席福当选“江西政协委员十大创业典型”",
      "time":"2015-10",
      "text":"“江西政协委员十大创业典型、十大创新人物”获奖名单公布，君子谷野果世界董事长庄席福被评为“江西政协委员十大创业典型”。"
    },{
      "img":"./images/news/news20150912.jpg",
      "title":"中国诗酒文化协会蒋秋霞会长到君子谷野果世界考察",
      "time":"2015-9-12",
      "text":"9月12日，全国政协委员，中国诗酒文化协会会长蒋秋霞一行到君子谷考察。"
    },{
      "img":"./images/news/news20150910.jpg",
      "title":"赣州市政协主席曾新方同志到君子谷野果世界调研",
      "time":"2015-9-10",
      "text":"9月10日，赣州市政协主席曾新方一行就刺葡萄产业发展专题到君子谷野果世界调研。"
    },{
      "img":"./images/news/news20150821.jpg",
      "title":"江西省农业厅厅长胡汉平到君子谷调研！",
      "time":"2015-8-21",
      "text":"8月21日，江西省农业厅厅长胡汉平一行到君子谷野生水果世界调研。胡厅长深入君子谷刺葡萄种植基地考察，并与农户亲切交流。"
    }
  ],
  "news_fours":[
    {
      "img":"./images/news/news20141222.jpg",
      "title":"国家环保部总工程师万本太到君子谷野生水果世界调研",
      "time":"2014-12-22",
      "text":"2014年12月19日，国家环保部总工程师万本太到君子谷野生水果世界调研。万本太一行先后考察了君子谷野果种质资源圃、君子谷野生刺葡萄选优品系生态种植园、君子谷生态酒庄等。"
    },
    {
      "img":"./images/news/news20141203.jpg",
      "title":"用生态牵手世界",
      "time":"2014-12-03",
      "text":"12月3日，来自欧洲的有机酒产业同行访问君子谷野生水果世界。君子谷优良生态环境以及严格的生态种植模式让欧洲同行们赞叹不已。"
    },
    {
      "img":"./images/news/news20141105.jpg",
      "title":"中国、加拿大有机生态酒产业合作起航",
      "time":"2014-11-05",
      "text":"11月5日，“中国君子谷与加拿大summerhill战略合作签约仪式”在君子谷野生水果世界举行。来自加拿大和中国相关生态企业、地方政府、中国诗酒文化协会果酒研究会、中国酒类流通协会进口酒市场专业委员会、以及媒体界等代表，共同见证中、加有机生态酒产业盛事。"
    },
    {
      "img":"./images/news/news20141028.jpg",
      "title":"美国企业家组团到富百乐交流访问",
      "time":"2014-10-28",
      "text":"10月28日，来自美国地产，能源，投资和影视界等领域的21位美国企业家和管理精英访问广州市富百乐发展有限公司。访问团由美国洛杉矶与中国广州友好城市协会会长Katherine带队。广州市富百乐发展有限公司副总经理陈龙慧先生接见了到访的美国企业界朋友。"
    },
    {
      "img":"./images/news/news20141016.jpg",
      "title":"《江西日报》：君子谷——新中国成立65周年 江西省65个改革风云单位",
      "time":"2014-10-16",
      "text":"我商会成员君子谷野生水果世界：新中国成立65周年，江西省65个改革风云单位！（详见《江西日报》新闻2014年10月15日A4，B3版）"
    },
    {
      "img":"./images/news/news20140530.jpg",
      "title":"君子谷野生水果世界野果酒被评为“观众最喜爱的果酒”",
      "time":"2014-05-30",
      "text":"5月30日-6月1日，“2014中国国际养老服务产业博览会”在安徽合肥举行。作为健康生态产品，中国国酒受到消费者及健康工作者的极大关注。"
    }
  ],
  "news_fives":[
    {
      "img":"./images/news/news20131200.jpg",
      "title":"我省第一个刺葡萄栽培标准化示范区通过考核验收",
      "time":"2013-12",
      "text":"（赵亦君，王磊）近日，江西省质量技术监督局组织考核验收组，对崇义县省级刺葡萄栽培标准化示范区进行了考核。经过全面和仔细考察后，崇义县省级刺葡萄栽培标准化示范区顺利通过考核验收。"
    },{
      "img":"./images/news/news20131120.jpg",
      "title":"新华社及港澳台媒体走进我商会成员企业",
      "time":"2013-11-20",
      "text":"（11月20日上午，来自台湾联合报、台湾中央通讯社、台湾NOWnews、台湾中国时报、台湾经济时报、台湾时报周刊、香港中华时报社、香港大公报、香港文汇报、新华社香港分社、新华社江西分社、澳门新时机杂志社等媒体的社长及编辑们走进君子谷野生水果世界。"
    },{
      "img":"./images/news/news20131018.jpg",
      "title":"“国际农发基金”（ IFAD）项目设计团到君子谷考察",
      "time":"2013-10-18",
      "text":"2013年10月18日上午，“国际农发基金”（IFAD）项目设计团到君子谷野生水果世界调研考察。该基金项目设计团的专家团队由中外专家组成，涵盖了农业、排灌，农村基础设施，联合国农业署的财务分析等方面的专家。"
    }
  ,{
      "img":"./images/news/news20130819.jpg",
      "title":"崇义县绿色产业项目推介暨“君子谷野生水果世界”研讨会召开",
      "time":"2013-8-19",
      "text":"（8月19日至20日，崇义县绿色产业项目推介暨“君子谷野生水果世界”研讨会在江西君子谷野生水果世界有限公司召开。"
    },{
      "img":"./images/news/news20130818.jpg",
      "title":"葡萄酒学院王华院长到君子谷考察",
      "time":"2013-8-18",
      "text":"8月18日-19日，西北农林科技大学葡萄酒学院院长王华教授一行，冒着蒙蒙细雨到君子谷进行科学考察。陪同王院长一同考察的葡萄酒学院领导和专家还有葡萄酒学院副院长房玉林教授，市场研究室主任李李甲贵副教授等。"
    },{
      "img":"./images/news/news20130816.jpg",
      "title":"美国企业家参访团到我会员企业交流访问",
      "time":"2013-8-16",
      "text":"8月16日，由美国洛杉矶与中国广州友好城市协会会长Katherine带队，美国洛杉矶的23家企业家和管理精英，到我会员企业广州巿富百乐发展有限公司交流访问，并举行研讨会。"
    },{
      "img":"./images/news/news20130619.jpg",
      "title":"“世界看赣州”，十二家新闻媒体齐聚君子谷",
      "time":"2013-6-19",
      "text":"6月19日，来自新华社、中新社、中国国际广播电台、欧洲华文电视台、香港文汇报、香港大公报、香港商报、中国日报、香港经济导报等12家境内外媒体齐聚君子谷，共同领略来自大山里的野果世界，共同感悟不同的赣州文化。"
    }
  ],
  "news_sixs":[
    {
      "img":"./images/news/2012-1.jpg",
      "title":"君子谷野生刺葡萄科技项目荣获赣州市优秀技术创新成果一等奖",
      "time":"2012-10-16",
      "text":"经过半年多时间的组织和评选，近日“赣州全市职工优秀技术创新成果表彰大会暨职工技术创新工作大会”在赣州市总工会召开。"
    },{
      "img":"./images/news/2012-2.jpg",
      "title":"中外企业精英聚焦君子谷",
      "time":"2012-8-14",
      "text":"美国洛杉矶与中国广州友好城市协会会长Katherine教授在君子谷野果酒庄地下酒窖"
    },{
      "img":"./images/news/2012-3.jpg",
      "title":"民族的，才是世界的",
      "time":"2012-7",
      "text":"一个产品，一处地方会让不同阶层，不同的社会群体都同声赞美，同生感动实属不易！君子谷就是这样的产品，君子谷野生水果世界就是这样的地"
    },{
      "img":"./images/news/2012-4.jpg",
      "title":"君子谷刺葡萄酒在“亚洲葡萄酒质量大赛”上荣获金奖",
      "time":"2012-4-26",
      "text":"在刚刚结束的第五届“亚洲葡萄酒质量大赛”上，我会副会长企业——君子谷野生水果世界的两款产品：2009年刺葡萄酒和2010年刺葡萄酒等君子谷产品双双荣获本次大赛的最高奖项---金奖。"
    },{
      "img":"./images/news/2012-5.jpg",
      "title":"第一届“中国刺葡萄资源保护与利用研讨会”胜利召开",
      "time":"2012-2-1",
      "text":"第一届“中国刺葡萄资源保护与利用研讨会”于2012年2月1日至3日在我商会会员单位——君子谷野生水果世界胜利召开。"
    }
  ]
}