[
    {
        "groupname": "朋友",
        "infos":[
            {
                "img":"http://b365.photo.store.qq.com/psb?/V13vrpRs2bU4Sy/3P6rTWxFYs8lFFaFh1WlY6X98cd9.gq.Bn3D.QLEF48!/b/dG0BAAAAAAAA&bo=0AL.BAAAAAARBxg!&rf=viewer_4",
                "nikename": "木子李",
                "status": "WIFI在线",
                "signature": "陪伴,是最长情的告白",
                "vip": true
            },
            {
                "img":"http://www.qhnews.com/pic/0/00/44/76/447673_688379.jpg",
                "nikename": "周杰伦",
                "status": "iPhone在线",
                "signature": "最美的不是下雨天，是曾与你躲过雨的屋檐。",
                "vip": true
            },
            {
                "img":"http://img0.pclady.com.cn/pclady/star/entertainment/8gua/1708/780_3.jpg",
                "nikename": "张杰",
                "status": "iPhone在线",
                "signature": "我们一起看月亮爬山来。",
                "vip": false
            },
            {
                "img":"http://npic7.fangtoo.com/rw/zixun/zh-chs/2017-06/12/e3f3de9bebdb4a298a7ba3c8a8b3f397.jpg",
                "nikename": "林俊杰",
                "status": "WIFI在线",
                "signature": "一千年以后，世界早已没有我。",
                "vip": false
            }
        ]
    },
    {
        "groupname": "同事",
        "infos":[
            {
                "img":"http://www.qh.xinhuanet.com/113643560_121n.jpg",
                "nikename": "史蒂夫·乔布斯",
                "status": "iPhone在线",
                "signature": "谨记自己总会死去,是让自己避免陷入“人生有所失”思考的最佳方法",
                "vip": true
            },
            {
                "img":"http://img2.imgtn.bdimg.com/it/u=4200954960,3591727944&fm=27&gp=0.jpg",
                "nikename": "比尔·盖茨",
                "status": "WIFI在线",
                "signature": "Life is not fair, get used to it. ",
                "vip": true
            },
            {
                "img":"http://school.chinaceot.com/college/attachment/1109/201109280915482005.jpg",
                "nikename": "马克·艾略特·扎克伯格",
                "status": "离线",
                "signature": "快速移动，打破常规。如果你还没有打碎东西，说明你移动的还是不够快。",
                "vip": false
            }
        ]
    },
    {
        "groupname": "家人",
        "infos":[
            {
                "img":"http://h.hiphotos.baidu.com/zhidao/wh%3D680%2C800/sign=3473091225dda3cc0bb1b02639d91539/63d0f703918fa0ec77bff4802d9759ee3c6ddbc7.jpg",
                "nikename": "爸爸",
                "status": "离线",
                "signature": "家，需要的是爱。我的肩膀就是你们得港湾。",
                "vip": true
            },
            {
                "img":"http://images.liqucn.com/img/h1/h964/img201709151734160_info300X300.jpg",
                "nikename": "妈妈",
                "status": "离线",
                "signature": "舍得，懂得放下，才会拥有。",
                "vip": true
            },
            {
                "img":"http://img3.duitang.com/uploads/item/201503/11/20150311220221_iVXAH.jpeg",
                "nikename": "姐姐",
                "status": "离线",
                "signature": "最难受的莫过于看着你哭泣而心痛。",
                "vip": false
            }
        ]
    },
    {
        "groupname": "死党",
        "infos":[
            {
                "img":"http://05.imgmini.eastday.com/mobile/20160610/20160610153015_2c4644786d55182ba7cd8fd65084a2c2_1.jpeg",
                "nikename": "王健林",
                "status": "iPhone在线",
                "signature": "先定个小目标，比如先挣他一个亿。",
                "vip": true
            },
            {
                "img":"http://i1.hexunimg.cn/2016-04-24/183490746.jpg",
                "nikename": "马云",
                "status": "WIFI在线",
                "signature": "我这辈子做的最后悔的事情就是，创建了阿里巴巴。",
                "vip": true
            }
        ]
    }
]