{
    "goods":[
        {"img":"../images/goods-01.jpg","model":"滑雪眼镜 012","price":"￥2800"},
        {"img":"../images/goods-02.jpg","model":"滑雪眼镜 022","price":"￥2300"},
        {"img":"../images/goods-03.jpg","model":"滑雪眼镜 014","price":"￥2400"},
        {"img":"../images/goods-04.jpg","model":"滑雪眼镜 015","price":"￥2600"},
        {"img":"../images/goods-05.jpg","model":"滑雪眼镜 018","price":"￥2500"},
        {"img":"../images/goods-06.jpg","model":"滑雪眼镜 020","price":"￥2200"},
        {"img":"../images/goods-07.jpg","model":"滑雪眼镜 023","price":"￥2500"},
        {"img":"../images/goods-08.jpg","model":"滑雪眼镜 021","price":"￥2700"}
    ]
}