{
    "goods":[
        { "imgSrc":"./images/a.jpg" , "pri":"￥79","small":"姿忆秀短袖女T恤夏装上衣2018新款宽松韩版百搭圆领文艺气质打底"},
        { "imgSrc":"./images/b.jpg" , "pri":"￥69","small":"【2件】夏季白色短袖t恤女装宽松韩版学生半袖上衣服夏装2018新款"},
        { "imgSrc":"./images/c.jpg" , "pri":"￥89","small":"美特斯邦威官方旗舰店衬衫女士夏装新款休闲趣味宽松纯棉衬衣服"},
        { "imgSrc":"./images/d.jpg" , "pri":"￥59","small":"2018夏季韩范棉质短袖t恤女宽松韩版学生植物刺绣百搭半袖上衣服"},
        { "imgSrc":"./images/e.jpg" , "pri":"￥69","small":"碎花连衣裙雪纺裙女2018新款夏装拉夏贝尔中长气质女神范衣服裙子"},
        { "imgSrc":"./images/f.jpg" , "pri":"￥79","small":"夏季简约白色雪纺衫飘逸上衣服短袖女装2018新款夏装超仙甜美洋气"}
    ]
}